Date,Views
13-06-2025,1224
14-06-2025,147
15-06-2025,811
16-06-2025,29
17-06-2025,19
18-06-2025,44
19-06-2025,13
20-06-2025,11
21-06-2025,6
22-06-2025,12
23-06-2025,19
24-06-2025,2
25-06-2025,10
26-06-2025,19
27-06-2025,11
28-06-2025,5
29-06-2025,11
30-06-2025,4
01-07-2025,3
02-07-2025,7
03-07-2025,8
04-07-2025,49
05-07-2025,6
06-07-2025,10
07-07-2025,5
08-07-2025,5
09-07-2025,15
10-07-2025,4
11-07-2025,5
12-07-2025,5
13-07-2025,7
14-07-2025,14
15-07-2025,549
16-07-2025,110
17-07-2025,966
18-07-2025,64
19-07-2025,39
20-07-2025,16
21-07-2025,11
22-07-2025,13
23-07-2025,11
24-07-2025,9
25-07-2025,9
26-07-2025,5
27-07-2025,13
28-07-2025,13
29-07-2025,7
30-07-2025,15
31-07-2025,3
01-08-2025,5
02-08-2025,8
03-08-2025,4
04-08-2025,4
05-08-2025,9
06-08-2025,5
07-08-2025,33
08-08-2025,277
09-08-2025,506
10-08-2025,321
11-08-2025,675
12-08-2025,139
13-08-2025,330
14-08-2025,14
15-08-2025,10
16-08-2025,918
17-08-2025,1094
18-08-2025,195
19-08-2025,58
20-08-2025,13
21-08-2025,39
22-08-2025,10
23-08-2025,4
24-08-2025,5
25-08-2025,2
26-08-2025,10
27-08-2025,2854
28-08-2025,9324
29-08-2025,22792
30-08-2025,6445
31-08-2025,3995
01-09-2025,2467
02-09-2025,1895
03-09-2025,188
04-09-2025,3196
05-09-2025,2898
06-09-2025,2032
07-09-2025,3615
08-09-2025,1856
09-09-2025,1409
10-09-2025,452
11-09-2025,489
12-09-2025,2453
13-09-2025,1350
14-09-2025,999
15-09-2025,311
16-09-2025,39
17-09-2025,18
18-09-2025,1273
19-09-2025,931
20-09-2025,3634
21-09-2025,4247
22-09-2025,1465
23-09-2025,31
24-09-2025,8
25-09-2025,141
26-09-2025,372
27-09-2025,1946
28-09-2025,2579
29-09-2025,1862
30-09-2025,2969
01-10-2025,2858
02-10-2025,1485
03-10-2025,379
04-10-2025,1979
05-10-2025,1552
06-10-2025,1776
07-10-2025,1308
08-10-2025,2133
09-10-2025,2487
10-10-2025,975
11-10-2025,731
12-10-2025,133
13-10-2025,8
14-10-2025,5
15-10-2025,745
16-10-2025,1468
17-10-2025,1022
18-10-2025,742
19-10-2025,1066
20-10-2025,81
21-10-2025,33
22-10-2025,4
23-10-2025,43
24-10-2025,38
25-10-2025,71
26-10-2025,56
27-10-2025,20
28-10-2025,1
29-10-2025,116
30-10-2025,9
31-10-2025,6
01-11-2025,5
02-11-2025,6
03-11-2025,0
04-11-2025,0
05-11-2025,5
06-11-2025,2
07-11-2025,5
08-11-2025,6
09-11-2025,6
10-11-2025,19
11-11-2025,6
12-11-2025,6
13-11-2025,9
14-11-2025,2
15-11-2025,3
16-11-2025,2
17-11-2025,5
18-11-2025,6
19-11-2025,10
20-11-2025,1
21-11-2025,12
22-11-2025,12
23-11-2025,2
24-11-2025,2
25-11-2025,3
26-11-2025,3
27-11-2025,5
28-11-2025,9
29-11-2025,2
30-11-2025,45
01-12-2025,1016
02-12-2025,665
03-12-2025,24
04-12-2025,6
05-12-2025,3
06-12-2025,3
07-12-2025,0
08-12-2025,2
09-12-2025,4
10-12-2025,2
11-12-2025,6
12-12-2025,6
13-12-2025,3
14-12-2025,3
15-12-2025,5
16-12-2025,4
17-12-2025,30
18-12-2025,4
19-12-2025,2
20-12-2025,8
21-12-2025,2
22-12-2025,0
23-12-2025,8
24-12-2025,3
25-12-2025,3
26-12-2025,7
27-12-2025,7
28-12-2025,4
29-12-2025,3
30-12-2025,4
31-12-2025,4
01-01-2026,2
02-01-2026,1
03-01-2026,4
04-01-2026,5
05-01-2026,4
06-01-2026,5
07-01-2026,5
08-01-2026,2
09-01-2026,1
10-01-2026,4
11-01-2026,0
12-01-2026,5
13-01-2026,5
14-01-2026,3
15-01-2026,9
16-01-2026,1
17-01-2026,1
18-01-2026,3
19-01-2026,3
20-01-2026,3
21-01-2026,0
22-01-2026,3
23-01-2026,5
24-01-2026,3
25-01-2026,1
26-01-2026,4
27-01-2026,2
28-01-2026,3
29-01-2026,1
30-01-2026,14
31-01-2026,17
01-02-2026,3
02-02-2026,5
03-02-2026,2
04-02-2026,6
05-02-2026,1
06-02-2026,2
07-02-2026,5
08-02-2026,1
09-02-2026,8
10-02-2026,1
11-02-2026,4
12-02-2026,0
13-02-2026,0
14-02-2026,1
15-02-2026,1
16-02-2026,2
17-02-2026,1
18-02-2026,0
19-02-2026,1278
20-02-2026,1493
21-02-2026,73
22-02-2026,20
23-02-2026,57
24-02-2026,13
25-02-2026,138
26-02-2026,12
27-02-2026,139
28-02-2026,0
01-03-2026,71
02-03-2026,141
03-03-2026,330
04-03-2026,556
05-03-2026,2122
06-03-2026,116
07-03-2026,1121
08-03-2026,2329
09-03-2026,2576
10-03-2026,1472
11-03-2026,1032
12-03-2026,1849
13-03-2026,1339
14-03-2026,16
15-03-2026,295
16-03-2026,208
17-03-2026,688
18-03-2026,2232
19-03-2026,2222
20-03-2026,3734
21-03-2026,1639
22-03-2026,195
23-03-2026,527
24-03-2026,1380
25-03-2026,25
26-03-2026,1062
27-03-2026,461
28-03-2026,45
29-03-2026,121
30-03-2026,248
31-03-2026,112
01-04-2026,576
02-04-2026,874
03-04-2026,809
04-04-2026,371
05-04-2026,10
06-04-2026,141
07-04-2026,535
08-04-2026,162
09-04-2026,531
10-04-2026,651
11-04-2026,3
12-04-2026,168
13-04-2026,195
14-04-2026,115
15-04-2026,92
16-04-2026,20
17-04-2026,52
18-04-2026,26
19-04-2026,260
20-04-2026,357
21-04-2026,75
22-04-2026,917
23-04-2026,1682
24-04-2026,51
25-04-2026,4
26-04-2026,252
27-04-2026,41
28-04-2026,3
29-04-2026,298
30-04-2026,810
01-05-2026,49
02-05-2026,1552
03-05-2026,759
04-05-2026,218
05-05-2026,168
06-05-2026,1484
07-05-2026,31
08-05-2026,373
09-05-2026,139
10-05-2026,166
11-05-2026,213
12-05-2026,177
13-05-2026,48
14-05-2026,34
15-05-2026,40
16-05-2026,334
17-05-2026,285
18-05-2026,1107
19-05-2026,821
20-05-2026,446
21-05-2026,163
22-05-2026,783
23-05-2026,401
24-05-2026,2
25-05-2026,13
26-05-2026,13
27-05-2026,91
28-05-2026,185
29-05-2026,181
30-05-2026,142
31-05-2026,16
01-06-2026,72
02-06-2026,70
03-06-2026,214
04-06-2026,6
05-06-2026,5
06-06-2026,1
07-06-2026,2
08-06-2026,3
09-06-2026,21
10-06-2026,13
11-06-2026,12
12-06-2026,19
